{
	"dependencies": "appliedenergistics2",
	"populate": {
		"quartz_ore": {
			"enabled": "true",
			"distribution": "uniform",
			"generator": {
				"block": {
					"name": "appliedenergistics2:quartz_ore",
				},
				"material": "minecraft:stone",
				"cluster-size": 8
			},
			"cluster-count": 12,
			"min-height": 12,
			"max-height": 75,
			"retrogen": "true",
			"biome": "all",
			"dimension": {
				"restriction": "whitelist",
				"value": [
					-7
				]
			}
		},
    "charged_quartz_ore": {
      "enabled": "true",
      "distribution": "uniform",
      "generator": {
        "block": {
          "name": "appliedenergistics2:charged_quartz_ore",
        },
        "material": "minecraft:stone",
        "cluster-size": 8
      },
      "cluster-count": 4,
      "min-height": 12,
      "max-height": 75,
      "retrogen": "true",
      "biome": "all",
      "dimension": {
        "restriction": "whitelist",
        "value": [
          -7
        ]
      }
    }
	}
}
